{
	"credit": "Made with Blockbench",
	"parent": "dark_sword",
	"texture_size": [32, 32],
	"textures": {
		"0": "knightsnmages:item/dark_sword",
		"particle": "knightsnmages:item/dark_sword"
	},
	"elements": [
		{
			"from": [12.4, 0.7, 7.75],
			"to": [13.4, 2.2, 8.25],
			"rotation": {"angle": 45, "axis": "z", "origin": [12.3, 1.25, 8]},
			"faces": {
				"north": {"uv": [14.5, 0, 15.5, 1.5], "texture": "#0"},
				"east": {"uv": [14.5, 0, 15, 1.5], "texture": "#0"},
				"south": {"uv": [15.5, 0, 14.5, 1.5], "texture": "#0"},
				"west": {"uv": [14.5, 0, 15, 1.5], "texture": "#0"},
				"up": {"uv": [15.5, 0.5, 14.5, 0], "texture": "#0"},
				"down": {"uv": [15.5, 1, 14.5, 1.5], "texture": "#0"}
			}
		},
		{
			"from": [10.5, 0.5, 7.5],
			"to": [12.55, 1.5, 8.5],
			"rotation": {"angle": 22.5, "axis": "z", "origin": [10.5, 0.5, 8]},
			"faces": {
				"north": {"uv": [12.5, 1, 14.5, 2], "texture": "#0"},
				"east": {"uv": [12.5, 1, 13.5, 2], "texture": "#0"},
				"south": {"uv": [14.5, 1, 12.5, 2], "texture": "#0"},
				"west": {"uv": [14.5, 1, 15.5, 2], "texture": "#0"},
				"up": {"uv": [14.5, 1, 12.5, 0], "texture": "#0"},
				"down": {"uv": [14.5, 2, 12.5, 3], "texture": "#0"}
			}
		},
		{
			"from": [3.45, 0.5, 7.5],
			"to": [5.5, 1.5, 8.5],
			"rotation": {"angle": -22.5, "axis": "z", "origin": [5.5, 0.5, 8]},
			"faces": {
				"north": {"uv": [14.5, 1, 12.5, 2], "texture": "#0"},
				"east": {"uv": [14.5, 1, 15.5, 2], "texture": "#0"},
				"south": {"uv": [12.5, 1, 14.5, 2], "texture": "#0"},
				"west": {"uv": [12.5, 1, 13.5, 2], "texture": "#0"},
				"up": {"uv": [12.5, 1, 14.5, 0], "texture": "#0"},
				"down": {"uv": [12.5, 2, 14.5, 3], "texture": "#0"}
			}
		},
		{
			"from": [5.5, 0.5, 7.25],
			"to": [10.5, 1.5, 8.75],
			"rotation": {"angle": 0, "axis": "y", "origin": [8, -3.5, 8]},
			"faces": {
				"north": {"uv": [7.5, 0.95, 12.5, 2], "texture": "#0"},
				"east": {"uv": [9.25, 0.95, 12.5, 2], "texture": "#0"},
				"south": {"uv": [7.5, 0.95, 12.5, 2], "texture": "#0"},
				"west": {"uv": [9.25, 0.95, 12.5, 2], "texture": "#0"},
				"up": {"uv": [12.5, 1.5, 7.5, 0], "texture": "#0"},
				"down": {"uv": [12.5, 0, 7.5, 1.5], "texture": "#0"}
			}
		},
		{
			"from": [6, 1, 5.44239],
			"to": [10, 1, 7.44239],
			"rotation": {"angle": 22.5, "axis": "x", "origin": [8, 1, 7.59239]},
			"faces": {
				"up": {"uv": [12, 4, 8, 2], "texture": "#0"},
				"down": {"uv": [12, 2, 8, 4], "texture": "#0"}
			}
		},
		{
			"from": [6, 1, 8.54239],
			"to": [10, 1, 10.54239],
			"rotation": {"angle": -22.5, "axis": "x", "origin": [8, 1, 8.59239]},
			"faces": {
				"up": {"uv": [12, 2, 8, 4], "texture": "#0"},
				"down": {"uv": [12, 4, 8, 2], "texture": "#0"}
			}
		},
		{
			"from": [7.55, -4.9, 7.55],
			"to": [8.45, 0.5, 8.45],
			"rotation": {"angle": 0, "axis": "y", "origin": [8, -3.5, 8]},
			"faces": {
				"north": {"uv": [4, 0, 5, 5.5], "texture": "#0"},
				"east": {"uv": [4, 0, 5, 5.5], "texture": "#0"},
				"south": {"uv": [4, 0, 5, 5.5], "texture": "#0"},
				"west": {"uv": [4, 0, 5, 5.5], "texture": "#0"},
				"up": {"uv": [5, 5.5, 4, 4.5], "texture": "#0"},
				"down": {"uv": [5, 4.5, 4, 5.5], "texture": "#0"}
			}
		},
		{
			"from": [2.85, 0.55, 7.75],
			"to": [3.85, 2.05, 8.25],
			"rotation": {"angle": -45, "axis": "z", "origin": [4, 1.5, 8]},
			"faces": {
				"north": {"uv": [15.5, 0, 14.5, 1.5], "texture": "#0"},
				"east": {"uv": [14.5, 0.5, 15.5, 1], "texture": "#0"},
				"south": {"uv": [14.5, 0, 15.5, 1.5], "texture": "#0"},
				"west": {"uv": [14.5, 0, 15, 1.5], "texture": "#0"},
				"up": {"uv": [14.5, 0.5, 15.5, 0], "texture": "#0"},
				"down": {"uv": [14.5, 1, 15.5, 1.5], "texture": "#0"}
			}
		},
		{
			"from": [7.5, -8.95, 7.5],
			"to": [8.5, -4.9, 8.5],
			"rotation": {"angle": 0, "axis": "y", "origin": [8, -3.5, 8]},
			"faces": {
				"north": {"uv": [5, 0, 6, 4], "texture": "#0"},
				"east": {"uv": [5, 0, 6, 4], "texture": "#0"},
				"south": {"uv": [5, 0, 6, 4], "texture": "#0"},
				"west": {"uv": [5, 0, 6, 4], "texture": "#0"},
				"up": {"uv": [6, 1, 5, 0], "texture": "#0"},
				"down": {"uv": [6, 4, 5, 5], "texture": "#0"}
			}
		},
		{
			"from": [7.25, -8.45, 7.25],
			"to": [8.75, -6.9, 8.75],
			"rotation": {"angle": 0, "axis": "y", "origin": [8, -3.5, 8]},
			"faces": {
				"north": {"uv": [8, 5, 9.5, 6.5], "texture": "#0"},
				"east": {"uv": [8, 5, 9.5, 6.5], "texture": "#0"},
				"south": {"uv": [8, 5, 9.5, 6.5], "texture": "#0"},
				"west": {"uv": [8, 5, 9.5, 6.5], "texture": "#0"},
				"up": {"uv": [6.5, 6.5, 5, 5], "texture": "#0"},
				"down": {"uv": [8, 5, 6.5, 6.5], "texture": "#0"}
			}
		},
		{
			"from": [7.3, 1.5, 7.8],
			"to": [8.7, 4.495, 8.2],
			"rotation": {"angle": 0, "axis": "y", "origin": [8, -3.5, 8]},
			"faces": {
				"north": {"uv": [6, 0, 7.5, 3], "texture": "#0"},
				"east": {"uv": [6, 0, 6.5, 3], "texture": "#0"},
				"south": {"uv": [6, 0, 7.5, 3], "texture": "#0"},
				"west": {"uv": [7, 0, 7.5, 3], "texture": "#0"},
				"up": {"uv": [7.5, 2.5, 6, 2], "texture": "#0"},
				"down": {"uv": [7.5, 2.5, 6, 3], "texture": "#0"}
			}
		},
		{
			"from": [7.235, 4.485, 7.735],
			"to": [8.765, 6.26, 8.265],
			"rotation": {"angle": 0, "axis": "y", "origin": [8, -2.5, 8]},
			"faces": {
				"north": {"uv": [1.5, 14.25, 0, 16], "texture": "#0"},
				"east": {"uv": [1, 14.25, 1.5, 16], "texture": "#0"},
				"south": {"uv": [0, 14.25, 1.5, 16], "texture": "#0"},
				"west": {"uv": [0, 14.25, 0.5, 16], "texture": "#0"},
				"up": {"uv": [1.5, 15, 0, 14.25], "texture": "#0"},
				"down": {"uv": [1.5, 14.25, 0, 15], "texture": "#0"}
			}
		},
		{
			"from": [7.75, 6.285, 7.71],
			"to": [8.28, 21.96, 8.27],
			"rotation": {"angle": 0, "axis": "y", "origin": [8, -2.5, 8]},
			"faces": {
				"north": {"uv": [2, 0, 1.5, 16], "texture": "#0"},
				"east": {"uv": [1, 14.5, 1.5, 16], "texture": "#0"},
				"south": {"uv": [1.5, 0, 2, 16], "texture": "#0"},
				"west": {"uv": [0, 14.5, 0.5, 16], "texture": "#0"},
				"up": {"uv": [1.5, 15, 0, 14.5], "texture": "#0"},
				"down": {"uv": [1.5, 14.5, 0, 15], "texture": "#0"}
			}
		},
		{
			"from": [8.745, 4.495, 7.745],
			"to": [10.255, 5.35, 8.255],
			"rotation": {"angle": 22.5, "axis": "z", "origin": [8.7, 4.5, 8]},
			"faces": {
				"north": {"uv": [2.5, 13, 4, 14], "texture": "#0"},
				"east": {"uv": [2.5, 13, 3, 14], "texture": "#0"},
				"south": {"uv": [4, 13, 2.5, 14], "texture": "#0"},
				"west": {"uv": [2.5, 13, 3, 14], "texture": "#0"},
				"up": {"uv": [4, 14.5, 2.5, 14], "texture": "#0"},
				"down": {"uv": [4, 14, 2.5, 14.5], "texture": "#0"}
			}
		},
		{
			"from": [8.745, 4.495, 7.99],
			"to": [11.255, 6.35, 8.01],
			"rotation": {"angle": 22.5, "axis": "z", "origin": [8.7, 4.5, 8]},
			"faces": {
				"north": {"uv": [4.5, 12.5, 7.5, 14.5], "texture": "#0"},
				"south": {"uv": [7.5, 12.5, 4.5, 14.5], "texture": "#0"}
			}
		},
		{
			"from": [5.745, 4.495, 7.745],
			"to": [7.255, 5.35, 8.255],
			"rotation": {"angle": -22.5, "axis": "z", "origin": [7.3, 4.5, 8]},
			"faces": {
				"north": {"uv": [4, 13, 2.5, 14], "texture": "#0"},
				"east": {"uv": [3.5, 13, 4, 14], "texture": "#0"},
				"south": {"uv": [2.5, 13, 4, 14], "texture": "#0"},
				"west": {"uv": [2.5, 13, 3, 14], "texture": "#0"},
				"up": {"uv": [4, 14.5, 2.5, 14], "texture": "#0"},
				"down": {"uv": [4, 14, 2.5, 14.5], "texture": "#0"}
			}
		},
		{
			"from": [4.745, 4.495, 7.99],
			"to": [7.255, 6.35, 8.01],
			"rotation": {"angle": -22.5, "axis": "z", "origin": [7.3, 4.5, 8]},
			"faces": {
				"north": {"uv": [7.5, 12.5, 4.5, 14.5], "texture": "#0"},
				"south": {"uv": [4.5, 12.5, 7.5, 14.5], "texture": "#0"}
			}
		},
		{
			"from": [7.245, 20.295, 7.745],
			"to": [8.755, 22.075, 8.255],
			"rotation": {"angle": 0, "axis": "y", "origin": [8, 3.2, 8]},
			"faces": {
				"north": {"uv": [1.5, 0.85, 0, 2.35], "texture": "#0"},
				"east": {"uv": [1, 0.85, 1.5, 2.35], "texture": "#0"},
				"south": {"uv": [0, 0.85, 1.5, 2.35], "texture": "#0"},
				"west": {"uv": [0, 0.85, 0.5, 2.35], "texture": "#0"},
				"up": {"uv": [1.5, 2.35, 0, 1.85], "texture": "#0"},
				"down": {"uv": [1.5, 1.85, 0, 2.35], "texture": "#0"}
			}
		},
		{
			"from": [7.145, 5.945, 7.745],
			"to": [8.655, 7.3, 8.255],
			"rotation": {"angle": -22.5, "axis": "z", "origin": [7.9, 5.95, 8]},
			"faces": {
				"north": {"uv": [0, 12, 1.5, 13.5], "texture": "#0"},
				"east": {"uv": [1, 12, 1.5, 13.5], "texture": "#0"},
				"south": {"uv": [0, 12, 1.5, 13.5], "texture": "#0"},
				"west": {"uv": [0, 12, 0.5, 13.5], "texture": "#0"},
				"up": {"uv": [1.5, 13.5, 0, 13], "texture": "#0"},
				"down": {"uv": [1.5, 13, 0, 13.5], "texture": "#0"}
			}
		},
		{
			"from": [7.885, 9.585, 7.735],
			"to": [9.415, 11.96, 8.265],
			"rotation": {"angle": 22.5, "axis": "z", "origin": [7.9, 9.15, 8]},
			"faces": {
				"north": {"uv": [1.5, 7.5, 0, 10], "texture": "#0"},
				"east": {"uv": [1, 7.5, 1.5, 10], "texture": "#0"},
				"south": {"uv": [0, 7.5, 1.5, 10], "texture": "#0"},
				"west": {"uv": [0, 7.5, 0.5, 10], "texture": "#0"},
				"up": {"uv": [1.5, 10, 0, 9.5], "texture": "#0"},
				"down": {"uv": [1.5, 9.5, 0, 10], "texture": "#0"}
			}
		},
		{
			"from": [7.145, 14.595, 7.745],
			"to": [8.655, 16.95, 8.255],
			"rotation": {"angle": -22.5, "axis": "z", "origin": [7.9, 15.6, 8]},
			"faces": {
				"north": {"uv": [1.5, 3.5, 0, 6], "texture": "#0"},
				"east": {"uv": [1, 3.5, 1.5, 6], "texture": "#0"},
				"south": {"uv": [0, 3.5, 1.5, 6], "texture": "#0"},
				"west": {"uv": [0, 3.5, 0.5, 6], "texture": "#0"},
				"up": {"uv": [1.5, 6.5, 0, 6], "texture": "#0"},
				"down": {"uv": [1.5, 6, 0, 6.5], "texture": "#0"}
			}
		},
		{
			"from": [7.885, 12.785, 7.735],
			"to": [9.415, 15.16, 8.265],
			"rotation": {"angle": 22.5, "axis": "z", "origin": [7.9, 12.35, 8]},
			"faces": {
				"north": {"uv": [1.5, 6, 0, 8.5], "texture": "#0"},
				"east": {"uv": [1, 6, 1.5, 8.5], "texture": "#0"},
				"south": {"uv": [0, 6, 1.5, 8.5], "texture": "#0"},
				"west": {"uv": [0, 6, 0.5, 8.5], "texture": "#0"},
				"up": {"uv": [1.5, 8.5, 0, 8], "texture": "#0"},
				"down": {"uv": [1.5, 8, 0, 8.5], "texture": "#0"}
			}
		},
		{
			"from": [7.145, 17.795, 7.745],
			"to": [8.655, 20.15, 8.255],
			"rotation": {"angle": -22.5, "axis": "z", "origin": [7.9, 18.8, 8]},
			"faces": {
				"north": {"uv": [1.5, 0.5, 0, 3], "texture": "#0"},
				"east": {"uv": [1, 0.5, 1.5, 3], "texture": "#0"},
				"south": {"uv": [1.5, 0.5, 0, 3], "texture": "#0"},
				"west": {"uv": [0, 0.5, 0.5, 3], "texture": "#0"},
				"up": {"uv": [1.5, 3.5, 0, 3], "texture": "#0"},
				"down": {"uv": [1.5, 3, 0, 3.5], "texture": "#0"}
			}
		},
		{
			"from": [7.885, 15.985, 7.735],
			"to": [9.415, 18.36, 8.265],
			"rotation": {"angle": 22.5, "axis": "z", "origin": [7.9, 15.55, 8]},
			"faces": {
				"north": {"uv": [1.5, 2, 0, 4.5], "texture": "#0"},
				"east": {"uv": [1, 2, 1.5, 4.5], "texture": "#0"},
				"south": {"uv": [0, 2, 1.5, 4.5], "texture": "#0"},
				"west": {"uv": [0, 2, 0.5, 4.5], "texture": "#0"},
				"up": {"uv": [1.5, 4.5, 0, 4], "texture": "#0"},
				"down": {"uv": [1.5, 4, 0, 4.5], "texture": "#0"}
			}
		},
		{
			"from": [7.885, 19.185, 7.735],
			"to": [9.415, 20.46, 8.265],
			"rotation": {"angle": 22.5, "axis": "z", "origin": [7.9, 18.75, 8]},
			"faces": {
				"north": {"uv": [1.5, 1.5, 0, 3], "texture": "#0"},
				"east": {"uv": [1, 1.5, 1.5, 3], "texture": "#0"},
				"south": {"uv": [0, 1.5, 1.5, 3], "texture": "#0"},
				"west": {"uv": [0, 1.5, 0.5, 3], "texture": "#0"},
				"up": {"uv": [1.5, 1.5, 0, 1], "texture": "#0"},
				"down": {"uv": [1.5, 1, 0, 1.5], "texture": "#0"}
			}
		},
		{
			"from": [7.145, 11.395, 7.745],
			"to": [8.655, 13.75, 8.255],
			"rotation": {"angle": -22.5, "axis": "z", "origin": [7.9, 12.4, 8]},
			"faces": {
				"north": {"uv": [1.5, 6.5, 0, 9], "texture": "#0"},
				"east": {"uv": [1, 6.5, 1.5, 9], "texture": "#0"},
				"south": {"uv": [0, 6.5, 1.5, 9], "texture": "#0"},
				"west": {"uv": [0, 6.5, 0.5, 9], "texture": "#0"},
				"up": {"uv": [1.5, 8.5, 0, 8], "texture": "#0"},
				"down": {"uv": [1.5, 8, 0, 8.5], "texture": "#0"}
			}
		},
		{
			"from": [7.145, 8.145, 7.745],
			"to": [8.655, 10.5, 8.255],
			"rotation": {"angle": -22.5, "axis": "z", "origin": [7.9, 9.15, 8]},
			"faces": {
				"north": {"uv": [1.5, 9, 0, 11.5], "texture": "#0"},
				"east": {"uv": [1, 9, 1.5, 11.5], "texture": "#0"},
				"south": {"uv": [0, 9, 1.5, 11.5], "texture": "#0"},
				"west": {"uv": [0, 9, 0.5, 11.5], "texture": "#0"},
				"up": {"uv": [1.5, 11.5, 0, 11], "texture": "#0"},
				"down": {"uv": [1.5, 11, 0, 11.5], "texture": "#0"}
			}
		},
		{
			"from": [7.894, 6.394, 7.744],
			"to": [9.406, 8.751, 8.256],
			"rotation": {"angle": 22.5, "axis": "z", "origin": [7.9, 5.95, 8]},
			"faces": {
				"north": {"uv": [1.5, 10, 0, 12.5], "texture": "#0"},
				"east": {"uv": [1, 10, 1.5, 12.5], "texture": "#0"},
				"south": {"uv": [0, 10, 1.5, 12.5], "texture": "#0"},
				"west": {"uv": [0, 10, 0.5, 12.5], "texture": "#0"},
				"up": {"uv": [1.5, 12, 0, 11.5], "texture": "#0"},
				"down": {"uv": [1.5, 11.5, 0, 12], "texture": "#0"}
			}
		},
		{
			"from": [6.315, 22.015, 7.74],
			"to": [7.385, 23.08, 8.26],
			"rotation": {"angle": 45, "axis": "z", "origin": [8, 23.7, 8]},
			"faces": {
				"north": {"uv": [2, 0, 3, 1], "texture": "#0"},
				"east": {"uv": [2, 0, 2.5, 1], "texture": "#0"},
				"south": {"uv": [2, 0, 3, 1], "texture": "#0"},
				"west": {"uv": [2, 0, 2.5, 1], "texture": "#0"},
				"up": {"uv": [2.5, 0, 2, 1], "rotation": 90, "texture": "#0"},
				"down": {"uv": [2, 1, 2.5, 0], "rotation": 90, "texture": "#0"}
			}
		}
	],
	"display": {
		"thirdperson_righthand": {
			"rotation": [0, -83, 0],
			"translation": [0, 12.25, 1.75],
			"scale": [1.5, 1.5, 1.5]
		},
		"thirdperson_lefthand": {
			"rotation": [0, -99, 0],
			"translation": [0, 12.25, 1.75],
			"scale": [1.5, 1.5, 1.5]
		},
		"firstperson_righthand": {
			"rotation": [180, -90, 180],
			"translation": [-1, 9, 2.75]
		},
		"firstperson_lefthand": {
			"rotation": [180, 90, 180],
			"translation": [-1, 9, 2.75]
		},
		"ground": {
			"translation": [0, 11.5, 0]
		},
		"gui": {
			"rotation": [26, -1, -33],
			"translation": [0, 0.5, 0],
			"scale": [0.6, 0.6, 0.6]
		}
	},
	"groups": [
		{
			"name": "flambard",
			"origin": [8, 32, 8],
			"color": 0,
			"children": [0, 1, 2, 3, 4, 5, 6, 7, 8, 9, 10, 11, 12, 13, 14, 15, 16, 17, 18, 19, 20, 21, 22, 23, 24, 25, 26, 27, 28]
		}
	]
}